School Name,School Number,Closed,School Street,School City,School Zip,Grade Low,Grade High,Enrollment,School Accreditations,District Name,District Number,District Enrollment,District Street,District City,District Zip,County Name,County Number,Region Name
Akiba Yavneh Academy of Dallas,57187101,FALSE,12324 Merit Drive,Dallas,75251,Pre-K,12,425,COGNIA : 1992 | TAAPS : 1998,DALLAS ISD,57905,158932,3700 ROSS AVE,DALLAS,75204-5491,Dallas,57,10
Alcuin School,57203101,FALSE,6144 Churchill Way,Dallas,75230,Pre-K,12,635,ISAS : 1999 | ISAS : 2009 | ISAS : 2019,DALLAS ISD,57905,158932,3700 ROSS AVE,DALLAS,75204-5491,Dallas,57,10
Ann and Nate Levine Academy - A Solomon Schechter School,57147101,FALSE,18011 Hillcrest Rd,Dallas,75252,Pre-K,8,443,ISAS : 2022,DALLAS ISD,57905,158932,3700 ROSS AVE,DALLAS,75204-5491,Dallas,57,10
ArborCreek Montessori Academy,57440001,FALSE,13310 Bee Street,Farmers Branch,75234,1,6,16,COGNIA : 2025,DALLAS ISD,57905,158932,3700 ROSS AVE,DALLAS,75204-5491,Dallas,57,10
BASIS Richardson,57430001,TRUE,2200 North Greenville Avenue,Richardson,75082,6,7,102,COGNIA : 2025,RICHARDSON ISD,57916,38043,400 S GREENVILLE AVE,RICHARDSON,75081-4198,Dallas,57,10
BASIS Richardson,57431001,TRUE,2200 North Greenville Avenue,Richardson,75082,Kindergarten,5,597,COGNIA : 2025,RICHARDSON ISD,57916,38043,400 S GREENVILLE AVE,RICHARDSON,75081-4198,Dallas,57,10
Bending Oaks School,57141001,TRUE,11884 Greenville Ave 120,Dallas,75243,7,12,0,COGNIA : 1986,DALLAS ISD,57905,158932,3700 ROSS AVE,DALLAS,75204-5491,Dallas,57,10
Bishop Dunne Catholic High School,57100001,FALSE,3900 Rugged Dr,Dallas,75224,7,12,558,TCCB ED : 1963,DALLAS ISD,57905,158932,3700 ROSS AVE,DALLAS,75204-5491,Dallas,57,10
Bishop Lynch High School,57100002,FALSE,9750 Ferguson Rd,Dallas,75228,9,12,"1,098",TCCB ED : 1968,DALLAS ISD,57905,158932,3700 ROSS AVE,DALLAS,75204-5491,Dallas,57,10
Brighter Horizons Academy,57242013,FALSE,3145 Medical Plaza Dr,Garland,75044,Pre-K,12,678,COGNIA : 2006,GARLAND ISD,57909,58059,501 S JUPITER,GARLAND,75042-7108,Dallas,57,10
Brightspire Virtual School (Digital Learning),57335001,TRUE,"17855 Dallas Parkway, Suite 400",Dallas,75287,6,12,200,COGNIA : 2023,DALLAS ISD,57905,158932,3700 ROSS AVE,DALLAS,75204-5491,Dallas,57,10
Cadence Academy Preschool of Bent Tree,57274001,TRUE,17275 Addison Rd,Addison,75001,Early Education,Early Education,0,COGNIA : 2010,RICHARDSON ISD,57916,38043,400 S GREENVILLE AVE,RICHARDSON,75081-4198,Dallas,57,10
Café Momentum Academy,57645001,FALSE,1510 Pacific Ave,Dallas,75201,9,12,15,COGNIA : 2026,DALLAS ISD,57905,158932,3700 ROSS AVE,DALLAS,75204-5491,Dallas,57,10
Calvary Lutheran School,57256101,FALSE,9807 Church Rd,Dallas,75238,Pre-K,8,95,TAAPS : 2001,RICHARDSON ISD,57916,38043,400 S GREENVILLE AVE,RICHARDSON,75081-4198,Dallas,57,10
Cambridge Square,57209101,TRUE,1121 E Pleasant Run Rd,Desoto,75115,Pre-K,8,0,TAAPS : 2000,,,0,,,,Dallas,57,
Canterbury Episcopal School Desoto,57135101,TRUE,1708 N Westmoreland Road,DeSoto,75115,Pre-K,12,226,SAES : 1997,DESOTO ISD,57906,8899,200 E BELT LINE RD,DESOTO,75115-5795,Dallas,57,10
Canyon Creek Christian Academy,57108001,TRUE,2800 Custer Parkway,Richardson,75080,1,12,195,ACSI : 1995 | COGNIA : 2012,RICHARDSON ISD,57916,38043,400 S GREENVILLE AVE,RICHARDSON,75081-4198,Dallas,57,10
Carrollton Christian Academy,57124001,TRUE,2205 East Hebron Parkway,Carrollton,75010,Kindergarten,12,0,COGNIA : 1991,,,0,,,,Dallas,57,
Cedar Hill Preparatory Academy,57114001,FALSE,1513 South Highway 67,Cedar Hill,75104,1,12,61,COGNIA : 2012,CEDAR HILL ISD,57904,8258,285 UPTOWN BLVD,CEDAR HILL,75104,Dallas,57,10
Chatter Academy,57710001,FALSE,16415 Addison Road,Addison,75001,Pre-K,12,6,COGNIA : 2026,DALLAS ISD,57905,158932,3700 ROSS AVE,DALLAS,75204-5491,Dallas,57,10
Choices Leadership Academy,57267001,TRUE,18106 Marsh Lane,Dallas,75287,5,8,0,COGNIA : 2009,CARROLLTON-FARMERS BRANCH ISD,57903,26385,P O BOX 115186,CARROLLTON,75011-5186,Dallas,57,10
Christ the King Catholic School - Dallas,57100101,FALSE,4100 Colgate,Dallas,75225,Kindergarten,8,420,TCCB ED : 1965,HIGHLAND PARK ISD,57911,6848,7015 WESTCHESTER DR,DALLAS,75205-1061,Dallas,57,10
Cistercian Preparatory School ,57100003,FALSE,3660 Cistercian Road,Irving,75039,5,12,363,ISAS : 1981 | ISAS : 2002 | ISAS : 2012 | ISAS : 2022,CARROLLTON-FARMERS BRANCH ISD,57903,26385,P O BOX 115186,CARROLLTON,75011-5186,Dallas,57,10
City School Texas,57515001,FALSE,1844 Teri Road,Austin,78744,Pre-K,8,77,COGNIA : 2026,AUSTIN ISD,227901,86516,1111 W 6TH ST,AUSTIN,78703-5399,Dallas,57,13
"Classical School of Dallas, Inc.",57510001,FALSE,9330 N US 75-Central Expy 1000,Dallas,75231,Pre-K,11,302,COGNIA : 2024,DALLAS ISD,57905,158932,3700 ROSS AVE,DALLAS,75204-5491,Dallas,57,10
CLAY ACADEMY,57120001,TRUE,3303 POTTER'S HOUSE WAY,DALLAS,75236,Kindergarten,8,0,ACSI : 2004,,,0,,,,Dallas,57,
Compass Virtual Academy (Digital Learning),57625001,FALSE,1910 Pacific Ave Suite 2000,Dallas,75201,9,12,28,WASC : 2026,DALLAS ISD,57905,158932,3700 ROSS AVE,DALLAS,75204-5491,Dallas,57,10
Coppell Tamil Learning Center (Tutoring),57350001,TRUE,1101 Bluejay Dr.,Flower Mound,75028,Pre-K,8,320,COGNIA : 2018,COPPELL ISD,57922,10999,200 S DENTON TAP RD,COPPELL,75019-3205,Dallas,57,10
Coram Deo Academy ? Dallas,57330001,FALSE,6930 Alpha Road,Dallas,75240,Pre-K,12,524,ACCS : 2021 | ACCS : 2023,DALLAS ISD,57905,158932,3700 ROSS AVE,DALLAS,75204-5491,Dallas,57,10
Cornerstone Crossroads Academy,57128001,FALSE,2908 Metropolitan Ave.,Dallas,75215,9,12,25,ACSI : 2013 | COGNIA : 2018,DALLAS ISD,57905,158932,3700 ROSS AVE,DALLAS,75204-5491,Dallas,57,10
Cristo Rey Dallas College Prep,57100007,FALSE,1064 N. Saint Augustine  Dr.,Dallas,75217,9,12,460,COGNIA : 2018,DALLAS ISD,57905,158932,3700 ROSS AVE,DALLAS,75204-5491,Dallas,57,10
Cross of Christ Lutheran School,57152101,TRUE,512 N Cockrell Hill Rd,De Soto,75115,3,9,0,LSAC : 2008,DESOTO ISD,57906,8899,200 E BELT LINE RD,DESOTO,75115-5795,Dallas,57,10
Dallas Academy,57142001,FALSE,950 Tiffany Way,Dallas,75218,Kindergarten,12,165,COGNIA : 1980,DALLAS ISD,57905,158932,3700 ROSS AVE,DALLAS,75204-5491,Dallas,57,10
Dallas Christian Academy,57179101,FALSE,4025 N Central Expwy,Dallas,75204,Pre-K,12,95,TSDA : 1985,DALLAS ISD,57905,158932,3700 ROSS AVE,DALLAS,75204-5491,Dallas,57,10
Dallas Christian ECLC,57121102,TRUE,P O BOX 570249,Dallas,75357,Early Education,Kindergarten,0,NCSA : 1962,DALLAS ISD,57905,158932,3700 ROSS AVE,DALLAS,75204-5491,Dallas,57,10
Dallas Christian Elementary,57121101,TRUE,P O BOX 570249,Dallas,75357,Pre-K,5,0,NCSA : 1962,MESQUITE ISD,57914,39127,405 E DAVIS ST,MESQUITE,75149-4701,Dallas,57,10
Dallas Christian Junior High School,57121041,TRUE,P O BOX 570249,Dallas,75357,6,8,0,NCSA : 1962,DALLAS ISD,57905,158932,3700 ROSS AVE,DALLAS,75204-5491,Dallas,57,10
Dallas Christian School ,57121001,FALSE,1515 Republic Parkway,Mesquite,75150,Pre-K,12,585,NCSA : 1962 | COGNIA : 1962,MESQUITE ISD,57914,39127,405 E DAVIS ST,MESQUITE,75149-4701,Dallas,57,10
Dallas International School,57159001,FALSE,6039 Churchill Way,Dallas,75230,Pre-K,12,681,ISAS : 2009 | ISAS : 2019,DALLAS ISD,57905,158932,3700 ROSS AVE,DALLAS,75204-5491,Dallas,57,10
Dallas Lutheran School,57157001,FALSE,8494 Stults Rd,Dallas,75243,6,12,0,LSAC : 2002 | LSAC : 2019 | LSAC : 2024,RICHARDSON ISD,57916,38043,400 S GREENVILLE AVE,RICHARDSON,75081-4198,Dallas,57,10
DeSoto Adventist Christian School,57221001,TRUE,235 N. Cockrell Hill Road,DeSoto,75115,Kindergarten,8,0,TSDA : 2008,DESOTO ISD,57906,8899,200 E BELT LINE RD,DESOTO,75115-5795,Dallas,57,10
DeSoto Private School,57190002,FALSE,301 E. Beltline Rd,DeSoto,75115,1,6,280,COGNIA : 2004,DESOTO ISD,57906,8899,200 E BELT LINE RD,DESOTO,75115-5795,Dallas,57,10
Fairhill School,57196001,FALSE,16150 Preston Rd,Dallas,75248,1,12,100,COGNIA : 1987,RICHARDSON ISD,57916,38043,400 S GREENVILLE AVE,RICHARDSON,75081-4198,Dallas,57,10
Firewheel Christian Academy,57310001,FALSE,5500 Lavon Drive,Garland,75040-3122,Kindergarten,8,100,ACSI : 2025,GARLAND ISD,57909,58059,501 S JUPITER,GARLAND,75042-7108,Dallas,57,10
First Baptist Academy - Dallas,57272001,FALSE,7898 Samuell Blvd.,Dallas,75228,Pre-K,12,388,COGNIA : 2014,DALLAS ISD,57905,158932,3700 ROSS AVE,DALLAS,75204-5491,Dallas,57,10
First Baptist Dallas Development Center,57129001,TRUE,1701 San Jacinto St,Dallas,75201,Early Education,Pre-K,0,ACSI : 2007,,,0,,,,Dallas,57,
Focus Learning Academy,57202001,TRUE,2524 W Ledbetter Dr,Dallas,75233,Pre-K,12,868,COGNIA : 2002,DALLAS ISD,57905,158932,3700 ROSS AVE,DALLAS,75204-5491,Dallas,57,10
Fusion Academy - Dallas,57165001,FALSE,8128 Park Lane Suite 125,Dallas,75231,4,12,50,COGNIA : 2015,DALLAS ISD,57905,158932,3700 ROSS AVE,DALLAS,75204-5491,Dallas,57,10
Garland Christian Academy,57118001,FALSE,1516 Lavon Dr,Garland,75040,Kindergarten,12,338,ACSI : 1989 | AACS : 2013 | AACS : 2019 | AACS : 2025,GARLAND ISD,57909,58059,501 S JUPITER,GARLAND,75042-7108,Dallas,57,10
Garland Christian Adventist School,57222001,FALSE,1702 E. Centerville Road,Garland,75041,Kindergarten,8,15,TSDA : 2008,GARLAND ISD,57909,58059,501 S JUPITER,GARLAND,75042-7108,Dallas,57,10
Good Shepherd Catholic School - Garland,57100103,FALSE,214 S Garland Ave,Garland,75040,Pre-K,8,203,TCCB ED : 1965,GARLAND ISD,57909,58059,501 S JUPITER,GARLAND,75042-7108,Dallas,57,10
Good Shepherd Episcopal School - Dallas,57130101,FALSE,11110 Midway Rd,Dallas,75229,Pre-K,8,590,ISAS : 1989 | SAES : 1989 | ISAS : 1999 | ISAS : 2009 | SAES : 2009 | ISAS : 2019,DALLAS ISD,57905,158932,3700 ROSS AVE,DALLAS,75204-5491,Dallas,57,10
Good Tree Academy,57116001,TRUE,1227 West McDermott Dr.,Allen,75013,Pre-K,8,140,COGNIA : 2013,EVOLUTION ACADEMY CHARTER SCHOOL,57834,444,1101 S SHERMAN ST,RICHARDSON,75081-4852,Dallas,57,10
Grace Academy of Dallas,57112001,FALSE,11306A Inwood Rd,Dallas,75229,Early Education,6,219,ACSI : 1999,DALLAS ISD,57905,158932,3700 ROSS AVE,DALLAS,75204-5491,Dallas,57,10
Greenhill School,57198001,FALSE,4141 Spring Valley,Addison,75001,Pre-K,12,"1,436",ISAS : 1957 | ISAS : 2005 | ISAS : 2015,DALLAS ISD,57905,158932,3700 ROSS AVE,DALLAS,75204-5491,Dallas,57,10
Guidepost Montessori at Coppell,57390001,FALSE,109 Natches Trce,Coppell,75019,Early Education,Pre-K,52,MSA : 2025,DALLAS ISD,57905,158932,3700 ROSS AVE,DALLAS,75204-5491,Dallas,57,10
Guidepost Montessori at Las Colina,57395001,FALSE,4961 N O'Connor Rd,Irving,75062,Early Education,Pre-K,69,MSA : 2025,DALLAS ISD,57905,158932,3700 ROSS AVE,DALLAS,75204-5491,Dallas,57,10
Guidepost Montessori at Richardson,57385001,FALSE,1140 W Campbell Rd,Richardson,75080,Early Education,Pre-K,35,MSA : 2025,DALLAS ISD,57905,158932,3700 ROSS AVE,DALLAS,75204-5491,Dallas,57,10
Guidepost Montessori at Valley Ranch,57375001,FALSE,9930 Valley Ranch Pkwy W,Irving,75063,Early Education,Pre-K,32,MSA : 2025,DALLAS ISD,57905,158932,3700 ROSS AVE,DALLAS,75204-5491,Dallas,57,10
Highland Park Presbyterian Day School,57171101,FALSE,3821 University Blvd,Dallas,75205,Pre-K,Kindergarten,85,TAAPS : 1990,HIGHLAND PARK ISD,57911,6848,7015 WESTCHESTER DR,DALLAS,75205-1061,Dallas,57,10
Hillier School,57181101,FALSE,3821 University Blvd,Dallas,75205,1,8,43,TAAPS : 1995,HIGHLAND PARK ISD,57911,6848,7015 WESTCHESTER DR,DALLAS,75205-1061,Dallas,57,10
Holy Cross Lutheran School,57212101,TRUE,11425 Marsh Ln,Dallas,75229,3,9,0,LSAC : 2008,DALLAS ISD,57905,158932,3700 ROSS AVE,DALLAS,75204-5491,Dallas,57,10
Holy Family Catholic Academy,57100104,FALSE,2323 Cheyenne,Irving,75062,Pre-K,8,131,TCCB ED : 1965,IRVING ISD,57912,35030,P O BOX 152637,IRVING,75015-2637,Dallas,57,10
Holy Trinity Academy,57266001,FALSE,13555 Hillcrest Rd,Dallas,75240,Pre-K,Kindergarten,27,COGNIA : 2005,RICHARDSON ISD,57916,38043,400 S GREENVILLE AVE,RICHARDSON,75081-4198,Dallas,57,10
Holy Trinity Catholic School - Dallas,57100105,FALSE,3815 Oak Lawn Ave,Dallas,75219,Pre-K,8,163,TCCB ED : 1963,DALLAS ISD,57905,158932,3700 ROSS AVE,DALLAS,75204-5491,Dallas,57,10
IANT Quranic Academy,57262032,FALSE,840 Abrams Road,Richardson,75081,Kindergarten,12,332,COGNIA : 2007,RICHARDSON ISD,57916,38043,400 S GREENVILLE AVE,RICHARDSON,75081-4198,Dallas,57,10
Immaculate Conception School - Grand Prairie,57100106,FALSE,400 N. E. 17TH ST,Grand Prairie,75050,Pre-K,8,139,TCCB ED : 1965,GRAND PRAIRIE ISD,57910,26921,BOX 531170,GRAND PRAIRIE,75053-1170,Dallas,57,10
International Leadership of Texas Private High School - Garland,57273001,FALSE,4413 N Shiloh Rd ,Garland,75044,9,12,270,COGNIA : 2014,GARLAND ISD,57909,58059,501 S JUPITER,GARLAND,75042-7108,Dallas,57,10
Islamic School of Irving,57290001,FALSE,2555 Esters Rd,Irving,75062,Kindergarten,12,880,COGNIA : 2007,IRVING ISD,57912,35030,P O BOX 152637,IRVING,75015-2637,Dallas,57,10
It's a Sensory World!,57525001,FALSE,13617 Neutron Road,Farmers Branch,75244,Pre-K,12,47,COGNIA : 2026,CARROLLTON-FARMERS BRANCH ISD,57903,26385,P O BOX 115186,CARROLLTON,75011-5186,Dallas,57,10
Jesuit College Preparatory High School,57100004,FALSE,12345 Inwood RD,Dallas,75244,9,12,"1,140",COGNIA : 1942,DALLAS ISD,57905,158932,3700 ROSS AVE,DALLAS,75204-5491,Dallas,57,10
June Shelton School and Evaluation Center,57295001,FALSE,17301 Preston Rd.,Dallas,75252,Pre-K,12,"1,047",ISAS : 2004 | ISAS : 2014 | ISAS : 2024,PLANO ISD,43910,55185,2700 W 15TH,PLANO,75075-7524,Dallas,57,10
Kid's Day Out Christian Learning Center,57220001,TRUE,1615 West Beltline Rd,Carrollton,75006,Early Education,Early Education,40,ACSI : 2007,CARROLLTON-FARMERS BRANCH ISD,57903,26385,P O BOX 115186,CARROLLTON,75011-5186,Dallas,57,10
Kids R Kids No 10 Las Colinas,57101001,TRUE,2990 Regent Blvd,Irving,75063,Early Education,Kindergarten,0,COGNIA : 2011,MANARA ACADEMY,57844,458,8201 TRISTAR DR,IRVING,75063,Dallas,57,10
Kids R Kids No. 14 McKinney,57102001,FALSE,2910 W. Eldorado Pkwy,McKinney,75070,Pre-K,Pre-K,162,COGNIA : 2011,MCKINNEY ISD,43907,24443,#1 DUVALL ST,MCKINNEY,75069-3211,Dallas,57,10
Kids R Kids No. 36 West Frisco,57109001,FALSE,2660 Main St,Frisco,75034,Early Education,Kindergarten,192,COGNIA : 2011,FRISCO ISD,43905,42707,5515 OHIO DR,FRISCO,75035,Dallas,57,10
Kids R Kids No. 38 Westridge,57111001,FALSE,9070 Westridge,McKinney,75070,Early Education,Kindergarten,40,COGNIA : 2011,MCKINNEY ISD,43907,24443,#1 DUVALL ST,MCKINNEY,75069-3211,Dallas,57,10
Kids R Kids No. 58 Castle Hills,57105001,FALSE,4516 Maumee Dr,Carrollton,75010,Early Education,Kindergarten,292,COGNIA : 2011,CARROLLTON-FARMERS BRANCH ISD,57903,26385,P O BOX 115186,CARROLLTON,75011-5186,Dallas,57,10
Kids R Kids No. 63 Richardson,57106001,FALSE,3521 North Star Rd,Richardson,75082,Early Education,Kindergarten,30,COGNIA : 2011,PLANO ISD,43910,55185,2700 W 15TH,PLANO,75075-7524,Dallas,57,10
Kids R Kids No. 64 Legacy West,57104001,FALSE,5365 Lebanon Rd,Frisco,75034,Early Education,Kindergarten,250,COGNIA : 2011,LEWISVILLE ISD,61902,52528,P O BOX 217,LEWISVILLE,75067-0217,Dallas,57,11
Kids R Kids No.18 Frisco,57103001,FALSE,9155 Preston Vineyard Dr,Frisco,75035,Early Education,Kindergarten,205,COGNIA : 2011,FRISCO ISD,43905,42707,5515 OHIO DR,FRISCO,75035,Dallas,57,10
Kingdom Collegiate Academies,57208001,FALSE,1821 W Camp Wisdom Rd,Dallas,75232,Early Education,12,550,ACSI : 2000 | COGNIA : 2003,DALLAS ISD,57905,158932,3700 ROSS AVE,DALLAS,75204-5491,Dallas,57,10
Lakehill Preparatory School,57197001,FALSE,2720 Hillside DR,Dallas,75214,Kindergarten,12,380,ISAS : 1988 | ISAS : 1998 | ISAS : 2008 | ISAS : 2018,DALLAS ISD,57905,158932,3700 ROSS AVE,DALLAS,75204-5491,Dallas,57,10
Leading Little Arrows,57615001,FALSE,4401 N St. Highway 161,Irving,75038,Kindergarten,8,25,MSA : 2025,DALLAS ISD,57905,158932,3700 ROSS AVE,DALLAS,75204-5491,Dallas,57,10
Life Christian Academy,57550001,FALSE,950 I-35E,Lancaster,75146,Pre-K,Pre-K,22,MSA : 2026,DALLAS ISD,57905,158932,3700 ROSS AVE,DALLAS,75204-5491,Dallas,57,10
Lighthouse Christian Academy,57122001,TRUE,5525 W Illinois Ave,Dallas,75211,Kindergarten,6,0,ACSI : 1990,,,0,,,,Dallas,57,
Lighthouse Learning Center,57670001,FALSE,5525 W Illinois Ave,Dallas,75211,Early Education,Early Education,31,ACSI : 2026,DALLAS ISD,57905,158932,3700 ROSS AVE,DALLAS,75204-5491,Dallas,57,10
Little Horizons Academy,57204001,FALSE,2950 North Shiloh Road,Garland,75044,Pre-K,Kindergarten,160,COGNIA : 2024,GARLAND ISD,57909,58059,501 S JUPITER,GARLAND,75042-7108,Dallas,57,10
Mary Immaculate School,57100109,FALSE,14032 Dennis Ln,Farmers Branch,75234,Pre-K,8,514,TCCB ED : 1965,CARROLLTON-FARMERS BRANCH ISD,57903,26385,P O BOX 115186,CARROLLTON,75011-5186,Dallas,57,10
Merryhill School Plano,57207101,TRUE,2121 Bay Hill Dr,Plano,75023,Early Education,Kindergarten,120,COGNIA : 1999,PLANO ISD,43910,55185,2700 W 15TH,PLANO,75075-7524,Dallas,57,10
Mesorah High School for Girls,57194004,FALSE,2101 Waterview Parkway,Richardson,75080,9,12,51,COGNIA : 2005,RICHARDSON ISD,57916,38043,400 S GREENVILLE AVE,RICHARDSON,75081-4198,Dallas,57,10
Momentous Institute,57243014,FALSE,106 E. Tenth ST,Dallas,75203,Pre-K,6,194,COGNIA : 1999 | COGNIA : 2014,DALLAS ISD,57905,158932,3700 ROSS AVE,DALLAS,75204-5491,Dallas,57,10
Montessori Children's House,221104001,TRUE,3420 Clayton Road E,Ft. Worth,76116,Pre-K,6,0,COGNIA : 2011,FORT WORTH ISD,220905,83503,100 N UNIVERSITY DR,FORT WORTH,76107-3010,Dallas,57,11
Montessori Children's House and School,57435001,FALSE,7335 Abrams Road,Dallas,75231,Early Education,Pre-K,100,COGNIA : 2025,DALLAS ISD,57905,158932,3700 ROSS AVE,DALLAS,75204-5491,Dallas,57,10
Mount St. Michael Catholic School,57100138,FALSE,4500 W Davis St,Dallas,75211,Pre-K,8,161,TCCB ED : 1986,DALLAS ISD,57905,158932,3700 ROSS AVE,DALLAS,75204-5491,Dallas,57,10
Mt. Hebron Christian Academy,57530001,FALSE,901 Dairy Rd,Garland,75040,Early Education,5,55,ACSI : 2025,GARLAND ISD,57909,58059,501 S JUPITER,GARLAND,75042-7108,Dallas,57,10
New Beginners Preparatory,57410001,FALSE,7441 Marvin D. Love Frwy. Ste. 300,Dallas,75237,9,12,0,TAAPS : 2021,DALLAS ISD,57905,158932,3700 ROSS AVE,DALLAS,75204-5491,Dallas,57,10
North Texas Christian Academy,57161001,TRUE,3201 N. Central Expressway,McKinney,75071,Pre-K,9,110,COGNIA : 2009,MCKINNEY ISD,43907,24443,#1 DUVALL ST,MCKINNEY,75069-3211,Dallas,57,10
Oak Crest Private School,57425001,FALSE,"1200 East Jackson Road, Building 2",Carrollton,75006,Pre-K,8,55,TAAPS : 2023,CARROLLTON-FARMERS BRANCH ISD,57903,26385,P O BOX 115186,CARROLLTON,75011-5186,Dallas,57,10
Oak Hill Academy,57195009,FALSE,9407 Midway,Dallas,75220,Pre-K,8,134,COGNIA : 2006,DALLAS ISD,57905,158932,3700 ROSS AVE,DALLAS,75204-5491,Dallas,57,10
Our Lady of Perpetual Help - Dallas,57100111,FALSE,7625 Cortland Ave,Dallas,75235,Pre-K,8,153,TCCB ED : 1965,DALLAS ISD,57905,158932,3700 ROSS AVE,DALLAS,75204-5491,Dallas,57,10
Our Redeemer Lutheran School,57156101,FALSE,7611 Park Lane,Dallas,75225,Pre-K,8,229,LSAC : 2004 | LSAC : 2022,DALLAS ISD,57905,158932,3700 ROSS AVE,DALLAS,75204-5491,Dallas,57,10
Parish Episcopal School,57192101,FALSE,4101 Sigma Rd,Dallas,75244,Pre-K,12,"1,230",ISAS : 1989 | SAES : 1989 | ISAS : 1999 | ISAS : 2009 | SAES : 2009 | ISAS : 2019,CARROLLTON-FARMERS BRANCH ISD,57903,26385,P O BOX 115186,CARROLLTON,75011-5186,Dallas,57,10
Preston Hollow Presbyterian School,57269001,FALSE,4000 McEwen Road,Dallas,75244,Kindergarten,6,130,COGNIA : 2009,CARROLLTON-FARMERS BRANCH ISD,57903,26385,P O BOX 115186,CARROLLTON,75011-5186,Dallas,57,10
Primrose School at Klyde Warren Park,57630001,FALSE,"1909 Woodall Rogers Fwy, Suite 100",Dallas,75021,Early Education,Pre-K,210,COGNIA : 2023,DALLAS ISD,57905,158932,3700 ROSS AVE,DALLAS,75204-5491,Dallas,57,10
Primrose School of Castle Hills,57255025,FALSE,1824 King Arthur Blvd,Carrollton,75010,Early Education,Kindergarten,161,COGNIA : 2005,LEWISVILLE ISD,61902,52528,P O BOX 217,LEWISVILLE,75067-0217,Dallas,57,11
Primrose School of Chase Oaks,57244015,FALSE,6525 Chase Oaks Blvd,Plano,75023,Early Education,Kindergarten,200,COGNIA : 2000,PLANO ISD,43910,55185,2700 W 15TH,PLANO,75075-7524,Dallas,57,10
Primrose School of Coppell,57245016,FALSE,275 E. Parkway Blvd,Coppell,75019,Early Education,Kindergarten,184,COGNIA : 2001,COPPELL ISD,57922,10999,200 S DENTON TAP RD,COPPELL,75019-3205,Dallas,57,10
Primrose School of Dallas at Kessler Park,57605001,FALSE,330 S RL Thornton Fwy,Dallas,75203,Pre-K,Pre-K,100,COGNIA : 2025,DALLAS ISD,57905,158932,3700 ROSS AVE,DALLAS,75204-5491,Dallas,57,10
Primrose School of Firewheel,57271001,FALSE,5074 N. George Bush Hwy,Garland,75040,Early Education,Pre-K,117,COGNIA : 2010,GARLAND ISD,57909,58059,501 S JUPITER,GARLAND,75042-7108,Dallas,57,10
Primrose School of Grand Peninsula,57213001,FALSE,2430 Grand Peninsula Dr.,Grand Prairie,75054,Pre-K,Kindergarten,125,COGNIA : 2010,MANSFIELD ISD,220908,32879,605 E BROAD ST,MANSFIELD,76063-1794,Dallas,57,11
Primrose School of Highland Village,57265027,FALSE,2100 Highland Village Rd,Highland Village,75077,Pre-K,Kindergarten,131,COGNIA : 2001,LEWISVILLE ISD,61902,52528,P O BOX 217,LEWISVILLE,75067-0217,Dallas,57,11
Primrose School of Las Colinas,57270001,FALSE,700 Fluor Dr.,Irving,75039,Early Education,Kindergarten,146,COGNIA : 2010,CARROLLTON-FARMERS BRANCH ISD,57903,26385,P O BOX 115186,CARROLLTON,75011-5186,Dallas,57,10
Primrose School of NE Flower Mound,57258028,FALSE,3939 Morriss Road,Flower Mound,75028,Pre-K,Kindergarten,79,COGNIA : 2001,LEWISVILLE ISD,61902,52528,P O BOX 217,LEWISVILLE,75067-0217,Dallas,57,11
Primrose School of North Lewisville,57259029,FALSE,1480 N. Valley Pkwy,Lewisville,75077,Pre-K,Kindergarten,151,COGNIA : 2004,LEWISVILLE ISD,61902,52528,P O BOX 217,LEWISVILLE,75067-0217,Dallas,57,11
Primrose School of North Richardson at Lookout,57640001,FALSE,2425 N. Plano Road,Richardson,75082,Pre-K,Kindergarten,248,COGNIA : 2023,RICHARDSON ISD,57916,38043,400 S GREENVILLE AVE,RICHARDSON,75081-4198,Dallas,57,10
Primrose School of Old Orchard,57260030,TRUE,1253 W. Round Grove Rd,Lewisville,75067,Pre-K,Kindergarten,140,COGNIA : 2001,LEWISVILLE ISD,61902,52528,P O BOX 217,LEWISVILLE,75067-0217,Dallas,57,11
Primrose School of Park Cities,57650001,FALSE,4011 Inwood Road,Dallas,75209,Pre-K,Kindergarten,180,COGNIA : 2023,DALLAS ISD,57905,158932,3700 ROSS AVE,DALLAS,75204-5491,Dallas,57,10
Primrose School of Plano at Deerfield,57264026,FALSE,4100 Hedgcoxe Rd,Plano,75024,Pre-K,Kindergarten,163,COGNIA : 2001,PLANO ISD,43910,55185,2700 W 15TH,PLANO,75075-7524,Dallas,57,10
Primrose School of Plano at Preston Meadow,57246017,FALSE,5801 Coit Rd,Plano,75093,Pre-K,Kindergarten,134,COGNIA : 1999,PLANO ISD,43910,55185,2700 W 15TH,PLANO,75075-7524,Dallas,57,10
Primrose School of Preston Hollow,57241001,TRUE,10715 Preston Rd,Dallas,75230,Pre-K,Kindergarten,162,COGNIA : 2017,DALLAS ISD,57905,158932,3700 ROSS AVE,DALLAS,75204-5491,Dallas,57,10
Primrose School of Prestonwood,57254001,FALSE,15237 Montfort Drive,Dallas,75248,Pre-K,Kindergarten,180,COGNIA : 2013,DALLAS ISD,57905,158932,3700 ROSS AVE,DALLAS,75204-5491,Dallas,57,10
Primrose School of Richardson,57225001,FALSE,1100 Jonsson Blvd,Richardson,75080,Pre-K,Pre-K,146,COGNIA : 2018,RICHARDSON ISD,57916,38043,400 S GREENVILLE AVE,RICHARDSON,75081-4198,Dallas,57,10
Primrose School of Rockwall,57247018,FALSE,3115 Ridge Road,Rockwall,75032,Pre-K,Kindergarten,176,COGNIA : 2000,ROCKWALL ISD,199901,14486,1050 WILLIAMS,ROCKWALL,75087-3832,Dallas,57,10
Primrose School of Rowlett,57248019,FALSE,8401 Liberty Grove Rd,Rowlett,75089,Pre-K,Kindergarten,170,COGNIA : 2006,GARLAND ISD,57909,58059,501 S JUPITER,GARLAND,75042-7108,Dallas,57,10
Primrose School of Stone Brooke,57249020,FALSE,5651 West Virginia Pkwy,McKinney,75070,Pre-K,Kindergarten,135,COGNIA : 2005,MCKINNEY ISD,43907,24443,#1 DUVALL ST,MCKINNEY,75069-3211,Dallas,57,10
Primrose School of Valley Ranch,57250021,FALSE,577Cimarron Trail,Irving,75063,Pre-K,Kindergarten,179,COGNIA : 2001,COPPELL ISD,57922,10999,200 S DENTON TAP RD,COPPELL,75019-3205,Dallas,57,10
Primrose School of Wellington,57251022,FALSE,2708 Flower Mound Rd,Flower Mound,75022,Pre-K,Kindergarten,157,COGNIA : 2005,LEWISVILLE ISD,61902,52528,P O BOX 217,LEWISVILLE,75067-0217,Dallas,57,11
Primrose School of West Allen,57252023,FALSE,106 Tatum Dr,Allen,75013,Pre-K,Kindergarten,177,COGNIA : 2001,ALLEN ISD,43901,19894,P O BOX 13,ALLEN,75013-0013,Dallas,57,10
Primrose School of West Carrollton,57253024,FALSE,4028 Nazarene Dr.,Carrollton,75010,Pre-K,Kindergarten,176,COGNIA : 2005,PLANO ISD,43910,55185,2700 W 15TH,PLANO,75075-7524,Dallas,57,10
Prince of Peace Christian School - Carrollton,57151101,FALSE,4004 N Midway Rd,Carrollton,75007,Pre-K,12,810,LSAC : 1990 | COGNIA : 2004 | LSAC : 2022 | COGNIA : 2022,PLANO ISD,43910,55185,2700 W 15TH,PLANO,75075-7524,Dallas,57,10
Providence Academy (NAUMS),57620001,FALSE,1388 State Highway 205,Rockwall,75032,Pre-K,12,73,COGNIA : 2016,DALLAS ISD,57905,158932,3700 ROSS AVE,DALLAS,75204-5491,Dallas,57,10
Providence Christian School of Texas,57134402,FALSE,5002 W. Lovers Lane,Dallas,75209,Pre-K,8,456,TAAPS : 2008,DALLAS ISD,57905,158932,3700 ROSS AVE,DALLAS,75204-5491,Dallas,57,10
Qalam Collegiate Academy,57110001,FALSE,1625 Ferris Rd.,Garland,75044,5,12,447,COGNIA : 2015,DALLAS ISD,57905,158932,3700 ROSS AVE,DALLAS,75204-5491,Dallas,57,10
Queen of All Saints Academy,57635001,FALSE,6019 Oakcrest Rd,Dallas,75248,Kindergarten,12,25,WASC : 2021,DALLAS ISD,57905,158932,3700 ROSS AVE,DALLAS,75204-5491,Dallas,57,10
Radiant STEM Academy,57300001,FALSE,2001 W Walnut Hill Ln,Irving,75038,Pre-K,12,470,COGNIA : 2017,IRVING ISD,57912,35030,P O BOX 152637,IRVING,75015-2637,Dallas,57,10
Redeemer Montessori School,57113001,FALSE,2700 Warren Circle,Irving,75062,Pre-K,6,0,COGNIA : 2011 | AMS : 2025,IRVING ISD,57912,35030,P O BOX 152637,IRVING,75015-2637,Dallas,57,10
Resolute Academy,57340001,FALSE,"2626 Cole Avenue, Ste. 300",Dallas,75204,9,12,778,ACTS : 2018 | MSA : 2025,DALLAS ISD,57905,158932,3700 ROSS AVE,DALLAS,75204-5491,Dallas,57,10
Rising Aviation High School,57610001,FALSE,15502 Wright Brothers Drive,Addison,75001,9,12,0,MSA : 2021,DALLAS ISD,57905,158932,3700 ROSS AVE,DALLAS,75204-5491,Dallas,57,10
Rowlett Christian Academy,57143001,TRUE,8200 Schrade Rd,Rowlett,75088,2,,0,ACTS : 1997,,,0,,,,Dallas,57,
Saint James Episcopal School - Dallas,57200101,FALSE,9845 McCree Road,Dallas,75238,Pre-K,Kindergarten,188,SAES : 1999 | SAES : 2009 | SAES : 2020,RICHARDSON ISD,57916,38043,400 S GREENVILLE AVE,RICHARDSON,75081-4198,Dallas,57,10
Saint Michael Episcopal School - Dallas,57360001,FALSE,4344 Colgate Avenue,Dallas,75225,Pre-K,Kindergarten,330,SAES : 2019,DALLAS ISD,57905,158932,3700 ROSS AVE,DALLAS,75204-5491,Dallas,57,10
Salam Academy,57275001,FALSE,735 N Plano Rd,Richardson,75081,Pre-K,12,250,COGNIA : 2014,RICHARDSON ISD,57916,38043,400 S GREENVILLE AVE,RICHARDSON,75081-4198,Dallas,57,10
Santa Clara of Assisi Catholic Academy,57100139,FALSE,4550 West Davis Street,Dallas,75211,Pre-K,8,171,TCCB ED : 1994,DALLAS ISD,57905,158932,3700 ROSS AVE,DALLAS,75204-5491,Dallas,57,10
Scofield Christian School,57119001,FALSE,7730 Abrams Rd,Dallas,75231,Early Education,6,269,ACSI : 1985,RICHARDSON ISD,57916,38043,400 S GREENVILLE AVE,RICHARDSON,75081-4198,Dallas,57,10
Southwest Christian Academy,57178101,FALSE,611 N. Cedar Ridge,Duncanville,75116,Pre-K,10,56,TSDA : 1979,DALLAS ISD,57905,158932,3700 ROSS AVE,DALLAS,75204-5491,Dallas,57,10
Spanish World School - Grand,57320001,FALSE,7159 E. Grand Ave,Dallas,75223,Kindergarten,5,150,COGNIA : 2017 | COGNIA : 2018,COPPELL ISD,57922,10999,200 S DENTON TAP RD,COPPELL,75019-3205,Dallas,57,10
SPLASH MEDIA,57137001,TRUE,5010 ADDISON CIRCLE,ADDISON,75001,Kindergarten,12,0,COGNIA : 2014,DALLAS ISD,57905,158932,3700 ROSS AVE,DALLAS,75204-5491,Dallas,57,10
St. Andrew's Episcopal School Grand Prairie,57257101,TRUE,727 Hill St,Grand Prairie,75050,2,8,0,TAAPS : 2001,,,0,,,,Dallas,57,
St. Augustine Catholic School - Dallas,57100114,TRUE,1054 N St. Augustine Dr,Dallas,75217,Pre-K,8,134,TCCB ED : 1965,DALLAS ISD,57905,158932,3700 ROSS AVE,DALLAS,75204-5491,Dallas,57,10
St. Bernard of Clairvaux School,57100115,FALSE,1420 Old Gate Ln,Dallas,75218,Pre-K,8,195,TCCB ED : 1965,DALLAS ISD,57905,158932,3700 ROSS AVE,DALLAS,75204-5491,Dallas,57,10
St. Cecilia Catholic School - Dallas,57100116,FALSE,635 Mary Cliff Rd,Dallas,75208,Pre-K,8,215,TCCB ED : 1969,DALLAS ISD,57905,158932,3700 ROSS AVE,DALLAS,75204-5491,Dallas,57,10
St. Elizabeth of Hungary Catholic School,57100117,FALSE,4019 S Hampton Rd,Dallas,75224,Pre-K,8,264,TCCB ED : 1965,DALLAS ISD,57905,158932,3700 ROSS AVE,DALLAS,75204-5491,Dallas,57,10
St. John School Ennis,57100006,TRUE,701 S Paris St,Ennis,75119,Kindergarten,12,0,TCCB ED : 1957,,,0,,,,Dallas,57,
St. John's Episcopal School - Dallas,57131101,FALSE,848 Harter Rd,Dallas,75218,Pre-K,8,506,ISAS : 1982 | SAES : 1985 | ISAS : 1992 | ISAS : 2003 | ISAS : 2012 | SAES : 2013 | ISAS : 2024 | SAES : 2024,DALLAS ISD,57905,158932,3700 ROSS AVE,DALLAS,75204-5491,Dallas,57,10
St. Joseph Catholic School - Richardson,57100141,FALSE,600 South Jupiter Rd.,Richardson,75081,Pre-K,8,295,TCCB ED : 1969,RICHARDSON ISD,57916,38043,400 S GREENVILLE AVE,RICHARDSON,75081-4198,Dallas,57,10
St. Luke School - Irving,57100121,TRUE,1023 Schulze Dr,Irving,75060,Pre-K,8,128,TCCB ED : 1965,IRVING ISD,57912,35030,P O BOX 152637,IRVING,75015-2637,Dallas,57,10
St. Mark's School of Texas,57139001,FALSE,10600 Preston Rd,Dallas,75230,1,12,924,ISAS : 1955 | ISAS : 1988 | ISAS : 1998 | ISAS : 2009 | ISAS : 2019,DALLAS ISD,57905,158932,3700 ROSS AVE,DALLAS,75204-5491,Dallas,57,10
St. Mary of Carmel School - Dallas,57100122,FALSE,1716 Singleton BLVD,Dallas,75212,Pre-K,8,153,TCCB ED : 1965,DALLAS ISD,57905,158932,3700 ROSS AVE,DALLAS,75204-5491,Dallas,57,10
St. Monica Catholic School - Dallas,57100125,FALSE,4140 Walnut Hill Ln,Dallas,75229,Pre-K,8,750,TCCB ED : 1972,DALLAS ISD,57905,158932,3700 ROSS AVE,DALLAS,75204-5491,Dallas,57,10
St. Patrick Catholic School - Dallas,57100126,FALSE,9635 Ferndale RD,Dallas,75238,Pre-K,8,521,TCCB ED : 1965,RICHARDSON ISD,57916,38043,400 S GREENVILLE AVE,RICHARDSON,75081-4198,Dallas,57,10
St. Philip & St. Augustine Catholic Academy,57100129,FALSE,8151 Military Pkwy,Dallas,75227,Pre-K,8,325,TCCB ED : 1965,DALLAS ISD,57905,158932,3700 ROSS AVE,DALLAS,75204-5491,Dallas,57,10
St. Philip's School and Community Center,57263101,FALSE,1600 Pennsylvania Ave,Dallas,75215,Pre-K,6,243,ISAS : 1992 | ISAS : 2002 | ISAS : 2012 | ISAS : 2022,DALLAS ISD,57905,158932,3700 ROSS AVE,DALLAS,75204-5491,Dallas,57,10
St. Pius X Catholic School - Dallas,57100130,FALSE,3030 Gus Thomasson RD.,Dallas,75228,Pre-K,8,346,TCCB ED : 1969,DALLAS ISD,57905,158932,3700 ROSS AVE,DALLAS,75204-5491,Dallas,57,10
St. Rita Catholic School Dallas,57100131,FALSE,12525 Inwood RD,Dallas,75244,Kindergarten,8,776,TCCB ED : 1965,DALLAS ISD,57905,158932,3700 ROSS AVE,DALLAS,75204-5491,Dallas,57,10
St. Thomas Aquinas Catholic School,57100132,FALSE,3741 Abrams RD,Dallas,75214,Pre-K,8,877,TCCB ED : 1965,DALLAS ISD,57905,158932,3700 ROSS AVE,DALLAS,75204-5491,Dallas,57,10
STEAMspark Montessori Experience,57210001,FALSE,1400 Valley View Lane,Farmers Branch,75234,Pre-K,6,130,COGNIA : 2025 | AMS : 2025,CARROLLTON-FARMERS BRANCH ISD,57903,26385,P O BOX 115186,CARROLLTON,75011-5186,Dallas,57,10
STEAMspark Montessori Experience,57540001,TRUE,1400 Valley View Lane,Farmers Branch,75234,Early Education,6,160,AMS : 2025,CARROLLTON-FARMERS BRANCH ISD,57903,26385,P O BOX 115186,CARROLLTON,75011-5186,Dallas,57,10
StoneGate Christian Academy,57370001,FALSE,1705 Esters Road,Irving,75061,Pre-K,12,95,AACS : 2021,IRVING ISD,57912,35030,P O BOX 152637,IRVING,75015-2637,Dallas,57,10
Texas Academy LLC,57500001,TRUE,"Thanksgiving Tower, 32nd Fl. Office C117, 1601 Elm Street",Dallas,75201,9,12,94,COGNIA : 2017,DALLAS ISD,57905,158932,3700 ROSS AVE,DALLAS,75204-5491,Dallas,57,10
Texas Torah Institute,57268001,FALSE,6506 Frankford Road,Dallas,75252,9,12,45,COGNIA : 2009,RICHARDSON ISD,57916,38043,400 S GREENVILLE AVE,RICHARDSON,75081-4198,Dallas,57,10
The Alexander School,57184001,TRUE,409 International Pkwy,Richardson,75081,8,12,0,COGNIA : 1978,RICHARDSON ISD,57916,38043,400 S GREENVILLE AVE,RICHARDSON,75081-4198,Dallas,57,10
The American Academy - Texas (Digital Learning),57535001,FALSE,"4514 Cole Avenue, Suite 600",Dallas,75205,Kindergarten,12,500,COGNIA : 2026,DALLAS ISD,57905,158932,3700 ROSS AVE,DALLAS,75204-5491,Dallas,57,10
The Cambridge School of Dallas,57199010,FALSE,3202 Royal Lane,Dallas,75229-1895,5,12,109,COGNIA : 2006,DALLAS ISD,57905,158932,3700 ROSS AVE,DALLAS,75204-5491,Dallas,57,10
The Children's Center,57325001,FALSE,"1450 Old Gate Lane, Suite 100",Dallas,75218,Pre-K,Kindergarten,80,COGNIA : 2014,DALLAS ISD,57905,158932,3700 ROSS AVE,DALLAS,75204-5491,Dallas,57,10
The Children's Courtyard #3013,57702001,FALSE,8560 Esters Blvd,Irving,75063,Pre-K,Pre-K,95,COGNIA : 2016,IRVING ISD,57912,35030,P O BOX 152637,IRVING,75015-2637,Dallas,57,10
The Children's Courtyard #3018,57700001,FALSE,4285 S. Carrier Pkwy,Grand Prairie,75052,Pre-K,Kindergarten,85,COGNIA : 2015,GRAND PRAIRIE ISD,57910,26921,BOX 531170,GRAND PRAIRIE,75053-1170,Dallas,57,10
The Children's Courtyard #3053,57703001,FALSE,"8909 Valley Ranch Pkwy W	",Irving,75063,Pre-K,Pre-K,67,COGNIA : 2016,AUSTIN ISD,227901,86516,1111 W 6TH ST,AUSTIN,78703-5399,Dallas,57,13
The Children's Courtyard #3070,57701001,TRUE,129 Town Center Blvd,Coppell,75019,Pre-K,Kindergarten,159,COGNIA : 2015,COPPELL ISD,57922,10999,200 S DENTON TAP RD,COPPELL,75019-3205,Dallas,57,10
The Covenant School of Dallas,57125001,FALSE,7300 VALLEY VIEW LANE,DALLAS,75240,Kindergarten,12,750,SAIS : 2023,RICHARDSON ISD,57916,38043,400 S GREENVILLE AVE,RICHARDSON,75081-4198,Dallas,57,10
The Episcopal School of Dallas,57132001,FALSE,4100 Merrell Rd,Dallas,75229,Pre-K,12,"1,195",ISAS : 1983 | ISAS : 2012 | ISAS : 2022,DALLAS ISD,57905,158932,3700 ROSS AVE,DALLAS,75204-5491,Dallas,57,10
The Goddard School of McKinney,157107001,TRUE,3952 S. Ridge Road,McKinney,75070,Early Education,Kindergarten,0,COGNIA : 2011,IRVING ISD,57912,35030,P O BOX 152637,IRVING,75015-2637,Dallas,57,10
The Hayes School of Wonder,57520001,FALSE,2435 Kinwest Parkway,Irving,75063,Pre-K,1,45,COGNIA : 2024,DALLAS ISD,57905,158932,3700 ROSS AVE,DALLAS,75204-5491,Dallas,57,10
The Hearing School of North Texas,57136001,TRUE,151 N Moore Street,Coppell,75019,Early Education,Kindergarten,0,COGNIA : 2014,COPPELL ISD,57922,10999,200 S DENTON TAP RD,COPPELL,75019-3205,Dallas,57,10
The Highlands School,57100005,FALSE,1451 E Northgate Dr,Irving,75062,Pre-K,12,444,TCCB ED : 1986,IRVING ISD,57912,35030,P O BOX 152637,IRVING,75015-2637,Dallas,57,10
The Hockaday School,57191001,FALSE,11600 Welch Rd,Dallas,75229,Pre-K,12,"1,114",ISAS : 1955 | ISAS : 2006 | ISAS : 2016,DALLAS ISD,57905,158932,3700 ROSS AVE,DALLAS,75204-5491,Dallas,57,10
The Kessler School,57240011,FALSE,1822 W. 10th Street,Dallas,75208,Pre-K,8,130,COGNIA : 2006,DALLAS ISD,57905,158932,3700 ROSS AVE,DALLAS,75204-5491,Dallas,57,10
The King's Academy,57400001,FALSE,1819 Martin Luther King Jr. Blvd.,Dallas,75215,Early Education,7,92,COGNIA : 2021 | ACSI : 2021,DALLAS ISD,57905,158932,3700 ROSS AVE,DALLAS,75204-5491,Dallas,57,10
The Lamplighter School,57144101,FALSE,11611 Inwood Rd,Dallas,75229,Pre-K,4,459,ISAS : 1972 | ISAS : 2003 | ISAS : 2013 | ISAS : 2024,DALLAS ISD,57905,158932,3700 ROSS AVE,DALLAS,75204-5491,Dallas,57,10
The Notre Dame School of Dallas,57100009,FALSE,2018 Allen St,Dallas,75204,Pre-K,12,152,TCCB ED : 1981,DALLAS ISD,57905,158932,3700 ROSS AVE,DALLAS,75204-5491,Dallas,57,10
The Saint Timothy School,57345001,FALSE,4333 Cole Avenue,Dallas,75205,Pre-K,12,54,COGNIA : 2025,DALLAS ISD,57905,158932,3700 ROSS AVE,DALLAS,75204-5491,Dallas,57,10
The St. Anthony School ,57133401,FALSE,2030 Denton Drive,Carrollton,75006,Kindergarten,12,84,TAAPS : 2004,CARROLLTON-FARMERS BRANCH ISD,57903,26385,P O BOX 115186,CARROLLTON,75011-5186,Dallas,57,10
The Westwood School,57292002,FALSE,14295 Midway Rd,Addison,75001,Pre-K,12,91,COGNIA : 2008,DALLAS ISD,57905,158932,3700 ROSS AVE,DALLAS,75204-5491,Dallas,57,10
The Westwood School Lower School Campus,57292001,TRUE,14340 Proton Rd,Dallas,75244,Pre-K,12,128,COGNIA : 2007,DALLAS ISD,57905,158932,3700 ROSS AVE,DALLAS,75204-5491,Dallas,57,10
The Winston School - Dallas,57193001,FALSE,5707 Royal Lane,Dallas,75229,Kindergarten,12,150,ISAS : 1979 | ISAS : 1989 | ISAS : 1999 | ISAS : 2010 | ISAS : 2020,DALLAS ISD,57905,158932,3700 ROSS AVE,DALLAS,75204-5491,Dallas,57,10
TLC Schools,57380001,TRUE,5200 Hedgcoxe Rd,Plano,75024,Pre-K,Kindergarten,100,COGNIA : 2009,PLANO ISD,43910,55185,2700 W 15TH,PLANO,75075-7524,Dallas,57,10
Trinity Christian Academy - Addison,57123001,FALSE,17001 Addison Rd,Addison,75001,Pre-K,12,"1,500",COGNIA : 1984 | CESA : 2022,DALLAS ISD,57905,158932,3700 ROSS AVE,DALLAS,75204-5491,Dallas,57,10
Trinity Christian Preschool - Cedar Hill,57115001,FALSE,1231 East Pleasant Run Road,Cedar Hill,75104,Pre-K,Kindergarten,100,ACTS : 2024,CEDAR HILL ISD,57904,8258,285 UPTOWN BLVD,CEDAR HILL,75104,Dallas,57,10
Truth Academy,57660001,FALSE,7912 Antoinette St,Dallas,75217,Pre-K,3,35,ACSI : 2026,DALLAS ISD,57905,158932,3700 ROSS AVE,DALLAS,75204-5491,Dallas,57,10
Tyler Street Christian Academy School,57126001,TRUE,915 W 9TH ST,Dallas,75208,Pre-K,12,0,COGNIA : 1988,DALLAS ISD,57905,158932,3700 ROSS AVE,DALLAS,75204-5491,Dallas,57,10
Uchenna Academy,57570001,FALSE,3837 Simpson Stuart Rd,Dallas,75241,7,12,0,MSA : 2026,DALLAS ISD,57905,158932,3700 ROSS AVE,DALLAS,75204-5491,Dallas,57,10
Ursuline Academy of Dallas,57100008,FALSE,4900 Walnut Hill Lane,Dallas,75229,9,12,899,ISAS : 1997 | ISAS : 2007 | ISAS : 2017,DALLAS ISD,57905,158932,3700 ROSS AVE,DALLAS,75204-5491,Dallas,57,10
Vanguard Preparatory School,57201101,FALSE,4240 Sigma Rd,Dallas,75244,Pre-K,12,105,COGNIA : 1998,DALLAS ISD,57905,158932,3700 ROSS AVE,DALLAS,75204-5491,Dallas,57,10
Waterfall Academy,57655001,FALSE,901 Waterfall Way,Richardson,75080,Pre-K,12,32,COGNIA : 2026,RICHARDSON ISD,57916,38043,400 S GREENVILLE AVE,RICHARDSON,75081-4198,Dallas,57,10
Wesley Prep,57261031,FALSE,9200 Inwood Road,Dallas,75220,Pre-K,7,434,COGNIA : 2007,DALLAS ISD,57905,158932,3700 ROSS AVE,DALLAS,75204-5491,Dallas,57,10
Wesleyan Academe,57560001,FALSE,1615 W Airport Fwy,Irving,75062,Pre-K,3,72,MSA : 2026,IRVING ISD,57912,35030,P O BOX 152637,IRVING,75015-2637,Dallas,57,10
West Dallas Community School,57612001,FALSE,2300 Canada Dr.,Dallas,75212,Pre-K,8,250,TAAPS : 2025,DALLAS ISD,57905,158932,3700 ROSS AVE,DALLAS,75204-5491,Dallas,57,10
White Rock Montessori,57420001,FALSE,1601 Oates Dr.,Dallas,75228-4241,Pre-K,8,175,AMS : 2023,DALLAS ISD,57905,158932,3700 ROSS AVE,DALLAS,75204-5491,Dallas,57,10
White Rock North School,57160101,FALSE,9727 White Rock Trl,Dallas,75238,Pre-K,6,365,COGNIA : 1996,RICHARDSON ISD,57916,38043,400 S GREENVILLE AVE,RICHARDSON,75081-4198,Dallas,57,10
Wonderland Montessori of Las Colinas,57205001,FALSE,431 East Royal Lane,Irving,75039,Early Education,Kindergarten,96,COGNIA : 2024,CARROLLTON-FARMERS BRANCH ISD,57903,26385,P O BOX 115186,CARROLLTON,75011-5186,Dallas,57,10
Yavneh Academy - now Akiba Yavneh Academy,57188001,TRUE,12324 Merit,Dallas,72751,9,12,124,TAAPS : 1998,DALLAS ISD,57905,158932,3700 ROSS AVE,DALLAS,75204-5491,Dallas,57,10
Zion Lutheran School - Dallas,57155101,FALSE,6121 E Lovers Lane,Dallas,75214,Pre-K,8,0,LSAC : 1987 | LSAC : 2020 | LSAC : 2025,DALLAS ISD,57905,158932,3700 ROSS AVE,DALLAS,75204-5491,Dallas,57,10
